{
  "Author": "Toshi",
  "Name": "ToshiBox",
  "InternalName": "ToshiBox",
  "AssemblyVersion": "7.2.5.1",
  "Description": "Opens with /toshibox",
  "ApplicableVersion": "any",
  "RepoUrl": "https://github.com/Tykku/ToshiBox",
  "Tags": [
    "retainer",
    "market"
  ],
  "DalamudApiLevel": 12,
  "LoadRequiredState": 0,
  "LoadSync": false,
  "CanUnloadAsync": false,
  "LoadPriority": 0,
  "IconUrl": "https://github.com/Tykku/ToshiBox/blob/main/res/plugin/Icon.png?raw=true",
  "Punchline": "Collection of things I want",
  "Changelog": "Pfff no",
  "AcceptsFeedback": true
}