{
  "Author": "Toshi",
  "Name": "ToshiBox",
  "InternalName": "ToshiBox",
  "AssemblyVersion": "7.2.5.9",
  "Description": "My own playground for plugin dev",
  "ApplicableVersion": "any",
  "RepoUrl": "https://github.com/Tykku/ToshiBox",
  "Tags": [
    "ToshiBox"
  ],
  "DalamudApiLevel": 12,
  "LoadRequiredState": 0,
  "LoadSync": false,
  "CanUnloadAsync": false,
  "LoadPriority": 0,
  "IconUrl": "https://raw.githubusercontent.com/Tykku/ToshiBox/refs/heads/main/release/images/Icon.png",
  "Punchline": "Hello there",
  "Changelog": "https://github.com/Tykku/ToshiBox/releases",
  "AcceptsFeedback": true
}